2015,2016,2017,2018,2019,2020,2021,2022,2023,2024
honda,toyota,toyota,honda,honda,honda,honda,honda,honda,honda
honda,toyota,toyota,honda,mazda,honda,honda,honda,honda,honda
honda,toyota,toyota,mazda,mazda,honda,honda,honda,honda,mazda
honda,toyota,toyota,toyota,mazda,mazda,honda,honda,honda,mazda
mazda,toyota,toyota,toyota,toyota,mazda,honda,honda,honda,mazda
mazda,toyota,toyota,mazda,toyota,mazda,mazda,honda,mazda,mazda
mazda,honda,toyota,,toyota,mazda,mazda,mazda,mazda,mazda
mazda,honda,toyota,,mazda,mazda,mazda,mazda,mazda,toyota
toyota,honda,toyota,,,mazda,mazda,mazda,mazda,
toyota,honda,honda,,,mazda,mazda,mazda,mazda,
toyota,honda,honda,,,toyota,mazda,mazda,toyota,
toyota,honda,honda,,,toyota,mazda,mazda,toyota,
toyota,mazda,honda,,,toyota,toyota,toyota,toyota,
,mazda,honda,,,,toyota,toyota,toyota,
,mazda,mazda,,,,toyota,toyota,toyota,
,mazda,mazda,,,,,toyota,toyota,
,mazda,mazda,,,,,toyota,toyota,
,,mazda,,,,,toyota,toyota,
,,mazda,,,,,toyota,,
,,mazda,,,,,toyota,,
,,,,,,,toyota,,
,,,,,,,toyota,,
